{
    "alternate_url": null, 
    "author": "5minutesoff", 
    "author_link": "https://www.mochimedia.com/community/profile/5minutesoff", 
    "categories": [
        "Strategy"
    ], 
    "category": "Strategy", 
    "coins_enabled": null, 
    "coins_revshare_enabled": null, 
    "control_scheme": {
        "fire": "na", 
        "jump": "na", 
        "movement": "na"
    }, 
    "controls": [
        [
            "fire", 
            "na"
        ], 
        [
            "jump", 
            "na"
        ], 
        [
            "movement", 
            "na"
        ]
    ], 
    "created": "2010-06-02T20:06:01-08:00", 
    "description": "A fast and fun-paced tower defense game with maze and path modes.", 
    "developer": "5minutesoff", 
    "developer_url": "https://www.mochimedia.com/community/profile/5minutesoff", 
    "feed_approval_created": null, 
    "game_tag": "f9166c4c9ab501d7", 
    "game_url": "http://www.mochimedia.com/games/inktd", 
    "height": "400", 
    "instructions": "Build towers, kill creeps, don't die.", 
    "key_mappings": "", 
    "leaderboard_enabled": false, 
    "metascore": 0.0, 
    "name": "INKTD", 
    "rating": "Everyone", 
    "recommendation": 0, 
    "recommended": false, 
    "resolution": "600x400", 
    "screen1_thumb": "http://thumbs.mochiads.com/c/g/inktd/screen1_thumb.jpg", 
    "screen1_url": "http://thumbs.mochiads.com/c/g/inktd/screen1.jpg", 
    "screen2_thumb": "http://thumbs.mochiads.com/c/g/inktd/screen2_thumb.jpg", 
    "screen2_url": "http://thumbs.mochiads.com/c/g/inktd/screen2.jpg", 
    "screen3_thumb": "http://thumbs.mochiads.com/c/g/inktd/screen3_thumb.jpg", 
    "screen3_url": "http://thumbs.mochiads.com/c/g/inktd/screen3.jpg", 
    "screen4_thumb": null, 
    "screen4_url": null, 
    "slug": "inktd", 
    "swf_file_size": 788282, 
    "swf_url": "http://games.mochiads.com/c/g/inktd/INKTD.swf", 
    "tags": [
        "tower defense", 
        "td", 
        "tower defence"
    ], 
    "thumbnail_large_url": "http://thumbs.mochiads.com/c/g/inktd/_thumb_200x200.png", 
    "thumbnail_url": "http://thumbs.mochiads.com/c/g/inktd/_thumb_100x100.png", 
    "updated": "2010-06-02T20:17:10-08:00", 
    "uuid": "9b81cad9-9ea5-31b5-99d2-fb360ac98b66", 
    "video_url": null, 
    "width": "600", 
    "zip_url": "http://games.mochiads.com/c/g/inktd.zip"
}