{
    "alternate_url": null, 
    "author": "5minutesoff", 
    "author_link": "https://www.mochimedia.com/community/profile/5minutesoff", 
    "categories": [
        "Puzzles"
    ], 
    "category": "Puzzles", 
    "coins_enabled": null, 
    "coins_revshare_enabled": null, 
    "control_scheme": "{\"fire\": \"na\", \"jump\": \"na\", \"movement\": \"arrow\"}", 
    "controls": [
        [
            "fire", 
            "na"
        ], 
        [
            "jump", 
            "na"
        ], 
        [
            "movement", 
            "arrow"
        ]
    ], 
    "created": "2010-05-24T18:47:12-08:00", 
    "description": "18 great puzzles created for Pathillogical.  Guide your ship to the goal using the arrow keys.  Sounds easy, and sometime it might be.", 
    "developer": "5minutesoff", 
    "developer_url": "https://www.mochimedia.com/community/profile/5minutesoff", 
    "feed_approval_created": null, 
    "game_tag": "86085c0108395eb5", 
    "game_url": "http://www.mochimedia.com/games/pathillogical-level-pack", 
    "height": 400, 
    "instructions": "Use the arrow keys to move to the goal.", 
    "key_mappings": "", 
    "leaderboard_enabled": false, 
    "metascore": 0.0, 
    "name": "Pathillogical:  Level Pack", 
    "rating": "Everyone", 
    "recommendation": 0, 
    "recommended": false, 
    "resolution": "480x400", 
    "screen1_thumb": "http://thumbs.mochiads.com/c/g/pathillogical-level-pack/screen1_thumb.png", 
    "screen1_url": "http://thumbs.mochiads.com/c/g/pathillogical-level-pack/screen1.png", 
    "screen2_thumb": "http://thumbs.mochiads.com/c/g/pathillogical-level-pack/screen2_thumb.png", 
    "screen2_url": "http://thumbs.mochiads.com/c/g/pathillogical-level-pack/screen2.png", 
    "screen3_thumb": "http://thumbs.mochiads.com/c/g/pathillogical-level-pack/screen3_thumb.png", 
    "screen3_url": "http://thumbs.mochiads.com/c/g/pathillogical-level-pack/screen3.png", 
    "screen4_thumb": null, 
    "screen4_url": null, 
    "slug": "pathillogical-level-pack", 
    "swf_file_size": 966398, 
    "swf_url": "http://games.mochiads.com/c/g/pathillogical-level-pack/Pathillogical.swf", 
    "tags": [
        "puzzle", 
        "space", 
        "pathillogical"
    ], 
    "thumbnail_large_url": "http://thumbs.mochiads.com/c/g/pathillogical-level-pack/_thumb_200x200.png", 
    "thumbnail_url": "http://thumbs.mochiads.com/c/g/pathillogical-level-pack/_thumb_100x100.png", 
    "updated": "2010-05-24T22:50:01-08:00", 
    "uuid": "fdca2aca-d989-325a-b41a-2f24a6603617", 
    "video_url": null, 
    "width": 480, 
    "zip_url": "http://games.mochiads.com/c/g/pathillogical-level-pack.zip"
}